strategy,interval_sec,interval_min,total_trades,total_pnl,total_volume,securities_traded,avg_pnl_per_trade,avg_pnl_per_security,avg_trade_size,trading_days,trades_per_day,sharpe_ratio,max_drawdown,max_drawdown_pct,drawdown_duration_days,calmar_ratio,win_rate,loss_rate,avg_win,avg_loss,profit_factor,total_wins,total_losses,stop_loss_threshold_pct
v2_1,60,1.0,21340,453648.8000000002,1475529434.1999977,1,21.25814432989692,453648.8000000002,69143.83477975622,136,156.91176470588235,7.7522354297792555,-22024.75000000035,-4.844713884227795,20,17350550.75002543,22.825679475164012,14.058106841611998,208.29003952720373,-186.97732751233625,1.8087411916650165,4871,3000,50.0
