strategy,v2,v2_1
interval_sec,60,60
security,,
EMAAR,472096.79999999836,453648.8000000002
