strategy,v2,v2,v2,v2,v2
interval_sec,30,60,120,180,300
security,,,,,
EMAAR,555789.3000000019,472096.79999999836,407903.6999999988,399388.9500000017,298474.50000000396
